City_ID,City,Country,Date,Lat,Lng,Max Temp,Humidity,Cloudiness,Wind Speed
0,Gat,IL,2022-02-01   18:01:33,31.61,34.7642,53.4,100,8,6.31
1,Ushuaia,AR,2022-02-01   17:57:16,-54.8,-68.3,47.82,87,75,34.52
2,Jamestown,US,2022-02-01   18:00:18,42.097,-79.2353,40.3,10,88,15.1
3,Bredasdorp,ZA,2022-02-01   18:02:36,-34.5322,20.0403,77.9,67,1,4.68
4,Kodiak,US,2022-02-01   18:02:36,57.79,-152.4072,37.47,99,100,17.38
5,Djambala,CG,2022-02-01   18:02:37,-2.5447,14.7533,76.98,63,92,1.79
6,Punta Arenas,CL,2022-02-01   18:00:12,-53.15,-70.9167,48.11,66,72,29.68
7,Severo-Kurilsk,RU,2022-02-01   18:02:37,50.6789,156.125,25.93,78,64,7.78
8,Nhulunbuy,AU,2022-02-01   18:02:37,-12.2333,136.7667,77.61,88,75,12.66
9,Lasa,IT,2022-02-01   18:02:38,46.6166,10.7002,42.71,94,55,8.19
10,Kiama,AU,2022-02-01   18:02:11,-34.6833,150.8667,71.58,92,100,1.01
11,Qaqortoq,GL,2022-02-01   18:02:38,60.7167,-46.0333,19.9,94,35,3.11
12,Pevek,RU,2022-02-01   18:02:38,69.7008,170.3133,-13.29,89,80,1.63
13,Albany,US,2022-02-01   17:58:43,42.6001,-73.9662,35.8,48,10,4.0
14,Souillac,MU,2022-02-01   18:02:39,-20.5167,57.5167,80.98,89,75,20.71
15,Port Elizabeth,ZA,2022-02-01   17:56:57,-33.918,25.5701,80.1,69,0,5.75
16,Vaini,TO,2022-02-01   18:00:29,-21.2,-175.2,79.18,74,11,10.36
17,Margate,GB,2022-02-01   17:58:00,51.3813,1.3862,55.74,66,92,11.99
18,Balabac,PH,2022-02-01   18:02:40,7.9868,117.0645,80.62,81,41,14.76
19,Urengoy,RU,2022-02-01   18:02:40,65.9667,78.3667,-5.13,100,95,4.92
20,Doha,QA,2022-02-01   18:02:40,25.2867,51.5333,66.18,72,0,12.66
21,Suzun,RU,2022-02-01   18:02:41,53.7841,82.3116,3.72,99,98,1.9
22,Bafoulabe,ML,2022-02-01   18:02:41,13.8065,-10.8321,93.9,9,49,12.1
23,Dunedin,NZ,2022-02-01   18:00:42,-45.8742,170.5036,63.75,78,85,7.05
24,Teya,RU,2022-02-01   18:02:42,60.3778,92.6267,-4.22,100,89,3.89
25,Khatanga,RU,2022-02-01   18:02:39,71.9667,102.5,-35.14,100,22,3.6
26,Narsaq,GL,2022-02-01   18:01:36,60.9167,-46.05,19.62,91,62,2.08
27,Ati,TD,2022-02-01   18:02:42,13.2154,18.3353,69.84,16,0,6.8
28,Dikson,RU,2022-02-01   17:57:13,73.5069,80.5464,2.82,93,100,19.15
29,Vila Velha,BR,2022-02-01   18:02:43,-20.3297,-40.2925,93.94,53,99,4.0
30,Dicabisagan,PH,2022-02-01   18:02:43,17.0818,122.4157,72.93,82,80,5.64
31,Atuona,PF,2022-02-01   17:57:29,-9.8,-139.0333,77.86,79,18,22.24
32,Provideniya,RU,2022-02-01   18:01:32,64.3833,-173.3,7.14,70,8,23.44
33,Chipinge,ZW,2022-02-01   18:02:43,-20.1883,32.6236,65.44,76,4,5.12
34,Cape Town,ZA,2022-02-01   18:00:34,-33.9258,18.4232,74.88,63,20,1.99
35,Mahebourg,MU,2022-02-01   17:59:09,-20.4081,57.7,80.89,89,75,21.85
36,Kiomboi,TZ,2022-02-01   18:02:44,-4.2667,34.3667,60.58,84,95,2.84
37,Verkhnevilyuysk,RU,2022-02-01   18:02:44,63.4453,120.3167,-29.45,99,75,4.7
38,Harper,LR,2022-02-01   18:02:45,4.375,-7.7169,81.9,73,63,9.48
39,Mataura,NZ,2022-02-01   17:58:20,-46.1927,168.8643,62.47,72,61,4.05
40,Antofagasta,CL,2022-02-01   17:58:03,-23.65,-70.4,72.21,63,3,9.71
41,Bengkulu,ID,2022-02-01   18:02:45,-3.8004,102.2655,74.12,90,100,7.72
42,Hobart,AU,2022-02-01   17:55:53,-42.8794,147.3294,51.66,61,38,1.01
43,Chuy,UY,2022-02-01   18:02:46,-33.6971,-53.4616,76.37,37,0,5.41
44,Mar Del Plata,AR,2022-02-01   18:00:07,-38.0023,-57.5575,81.88,46,3,21.99
45,Butaritari,KI,2022-02-01   17:57:12,3.0707,172.7902,81.28,76,99,11.07
46,Darhan,MN,2022-02-01   18:03:46,49.4867,105.9228,-12.35,96,30,4.85
47,Castro,BR,2022-02-01   17:59:32,-24.7911,-50.0119,79.18,58,42,4.36
48,Busselton,AU,2022-02-01   18:00:15,-33.65,115.3333,61.05,64,7,18.79
49,Hermanus,ZA,2022-02-01   17:57:08,-34.4187,19.2345,71.91,84,3,2.57
50,Panzhihua,CN,2022-02-01   18:03:47,26.5851,101.7128,47.79,64,0,0.85
51,Cayenne,GF,2022-02-01   18:02:46,4.9333,-52.3333,77.04,93,75,2.3
52,Aklavik,CA,2022-02-01   18:01:32,68.2191,-135.0107,-6.83,99,100,4.34
53,Sitarganj,IN,2022-02-01   18:03:47,28.9333,79.7,51.26,67,0,4.99
54,Salalah,OM,2022-02-01   18:00:28,17.0151,54.0924,70.45,60,88,3.02
55,Barrow,US,2022-02-01   17:57:12,71.2906,-156.7887,-16.58,83,100,0.0
56,Oron,NG,2022-02-01   18:03:48,4.8256,8.2343,81.07,59,11,8.16
57,Longyearbyen,SJ,2022-02-01   18:03:48,78.2186,15.6401,21.04,63,20,14.97
58,Imeni Poliny Osipenko,RU,2022-02-01   18:03:48,52.4201,136.4853,-8.21,100,100,2.46
59,Tangier,MA,2022-02-01   18:03:49,35.7806,-5.8137,60.15,77,0,2.3
60,Luderitz,NA,2022-02-01   18:03:49,-26.6481,15.1594,66.78,83,27,8.9
61,Vila Franca Do Campo,PT,2022-02-01   18:00:36,37.7167,-25.4333,63.19,71,49,10.65
62,Saldanha,ZA,2022-02-01   18:01:22,-33.0117,17.9442,67.08,91,19,7.16
63,Olimpia,BR,2022-02-01   17:59:43,-20.7372,-48.9147,71.82,86,100,5.79
64,Ribeira Grande,PT,2022-02-01   18:03:49,38.5167,-28.7,63.0,72,20,18.41
65,Bluff,NZ,2022-02-01   18:01:09,-46.6,168.3333,63.81,84,70,9.46
66,Tasiilaq,GL,2022-02-01   18:00:06,65.6145,-37.6368,2.34,71,72,6.53
67,Thompson,CA,2022-02-01   17:56:19,55.7435,-97.8558,-18.24,69,40,12.66
68,Hithadhoo,MV,2022-02-01   18:01:40,-0.6,73.0833,82.72,72,12,12.66
69,Salta,AR,2022-02-01   18:03:50,-24.7859,-65.4117,81.57,53,23,3.0
70,Fengrun,CN,2022-02-01   18:03:50,39.8333,118.1167,21.81,41,0,3.65
71,Ponta Do Sol,PT,2022-02-01   18:03:31,32.6667,-17.1,73.13,30,22,12.03
72,Udachnyy,RU,2022-02-01   18:03:51,66.4167,112.4,-36.17,100,47,2.26
73,Begoro,GH,2022-02-01   18:03:51,6.3871,-0.3774,80.62,15,22,3.15
74,Jinji,CN,2022-02-01   18:03:51,23.2281,110.8261,48.16,91,100,1.99
75,Erenhot,CN,2022-02-01   18:03:52,43.6475,111.9767,0.37,88,5,5.73
76,Ajdabiya,LY,2022-02-01   18:03:52,30.7554,20.2263,58.48,52,99,8.43
77,Qaanaaq,GL,2022-02-01   18:03:52,77.484,-69.3632,-16.62,82,100,9.62
78,Delta Del Tigre,UY,2022-02-01   18:03:53,-34.7633,-56.3853,79.21,38,0,6.91
79,Victoria,HK,2022-02-01   17:57:01,22.2855,114.1577,62.26,87,99,1.01
80,Kulu,TR,2022-02-01   18:03:53,39.0951,33.0799,33.75,97,98,10.92
81,Rikitea,PF,2022-02-01   17:57:07,-23.1203,-134.9692,77.92,70,24,7.56
82,Glendive,US,2022-02-01   18:03:54,47.1053,-104.7125,7.7,61,0,14.97
83,Pisco,PE,2022-02-01   18:03:54,-13.7,-76.2167,78.85,57,20,11.5
84,Charters Towers,AU,2022-02-01   18:03:55,-20.1,146.2667,77.61,77,99,6.22
85,Noshiro,JP,2022-02-01   18:03:55,40.2039,140.0242,32.63,66,96,14.16
86,Tacuarembo,UY,2022-02-01   18:03:55,-31.7333,-55.9833,91.85,24,0,6.42
87,Tahta,EG,2022-02-01   18:03:56,26.7693,31.5021,57.58,40,0,3.67
88,Wanning,CN,2022-02-01   18:03:56,18.8003,110.3967,66.96,92,85,7.72
89,Nuuk,GL,2022-02-01   18:01:00,64.1835,-51.7216,11.01,56,100,8.05
90,Arraial Do Cabo,BR,2022-02-01   18:01:34,-22.9661,-42.0278,79.45,82,94,13.04
91,Bukachacha,RU,2022-02-01   18:04:57,52.9833,116.9167,-15.79,97,18,4.0
92,Lamu,KE,2022-02-01   18:04:57,-2.2717,40.902,80.82,85,46,13.29
93,Sao Filipe,CV,2022-02-01   18:04:57,14.8961,-24.4956,75.65,71,100,9.6
94,Basco,PH,2022-02-01   18:04:57,20.4487,121.9702,73.15,76,100,17.4
95,Klaksvik,FO,2022-02-01   18:04:58,62.2266,-6.589,32.92,73,100,19.35
96,Carnarvon,AU,2022-02-01   18:03:19,-24.8667,113.6333,77.07,83,45,19.57
97,Male,MV,2022-02-01   18:02:31,4.1748,73.5089,83.01,76,58,16.6
98,New Norfolk,AU,2022-02-01   18:01:31,-42.7826,147.0587,51.3,60,50,1.99
99,Farmington,US,2022-02-01   18:03:00,36.7281,-108.2187,41.2,39,20,5.75
100,Bethel,US,2022-02-01   17:55:10,41.3712,-73.414,36.18,61,5,1.01
101,San Rafael,AR,2022-02-01   18:04:59,-34.6177,-68.3301,92.75,21,83,13.15
102,Harbour Breton,CA,2022-02-01   18:04:59,47.4833,-55.7983,28.99,57,54,17.07
103,Aripuana,BR,2022-02-01   18:02:43,-9.1667,-60.6333,85.05,64,96,2.62
104,Upernavik,GL,2022-02-01   18:01:35,72.7868,-56.1549,-16.49,76,100,6.29
105,Flinders,AU,2022-02-01   18:04:59,-34.5833,150.8552,71.38,88,100,8.5
106,Sept-Iles,CA,2022-02-01   18:04:26,50.2001,-66.3821,5.05,55,18,1.01
107,Benguela,AO,2022-02-01   18:05:00,-12.5763,13.4055,77.2,69,68,5.59
108,Rangapara,IN,2022-02-01   18:05:00,26.8167,92.65,54.75,88,84,6.11
109,Saint George,US,2022-02-01   18:02:03,37.1041,-113.5841,50.47,29,0,3.0
110,Kapaa,US,2022-02-01   18:01:38,22.0752,-159.319,71.53,74,8,6.35
111,Aksarka,RU,2022-02-01   18:05:01,66.5606,67.7975,-19.25,100,91,6.26
112,Port Blair,IN,2022-02-01   18:02:03,11.6667,92.75,75.52,72,38,4.21
113,Hervey Bay,AU,2022-02-01   18:05:02,-25.2986,152.8535,77.04,79,100,12.12
114,Haimen,CN,2022-02-01   18:05:02,23.1935,116.6142,56.37,86,100,21.54
115,Dosso,NE,2022-02-01   18:05:02,13.049,3.1937,73.09,10,0,8.86
116,Tuktoyaktuk,CA,2022-02-01   18:05:03,69.4541,-133.0374,-20.2,76,75,4.61
117,Mbandaka,CD,2022-02-01   18:05:03,0.0487,18.2603,79.43,37,7,3.71
118,Ammon,US,2022-02-01   18:05:03,43.4696,-111.9666,11.82,85,100,1.01
119,Port Alfred,ZA,2022-02-01   18:05:04,-33.5906,26.891,77.02,83,99,10.13
120,Roma,US,2022-02-01   18:02:35,43.2128,-75.4557,36.66,46,0,11.5
121,Taksimo,RU,2022-02-01   18:05:04,56.3444,114.8794,-16.08,96,93,1.83
122,Zuwarah,LY,2022-02-01   18:05:05,32.9312,12.082,55.99,53,14,20.76
123,Saint-Philippe,RE,2022-02-01   18:00:29,-21.3585,55.7679,78.39,90,60,21.32
124,Kruisfontein,ZA,2022-02-01   18:02:37,-34.0033,24.7314,77.88,72,40,1.19
125,Abnub,EG,2022-02-01   18:05:05,27.2696,31.1511,55.29,43,0,0.47
126,Haines Junction,CA,2022-02-01   18:05:05,60.7522,-137.5108,-33.83,100,92,1.54
127,Vardo,NO,2022-02-01   18:05:06,70.3705,31.1107,15.78,92,0,9.22
128,Georgetown,MY,2022-02-01   18:00:09,5.4112,100.3354,83.89,79,20,2.3
129,Tuatapere,NZ,2022-02-01   18:05:06,-46.1333,167.6833,63.82,88,93,7.29
130,Vao,NC,2022-02-01   18:05:07,-22.6667,167.4833,77.7,82,92,13.94
131,Yulara,AU,2022-02-01   18:05:07,-25.2406,130.9889,67.84,100,100,11.5
132,Paamiut,GL,2022-02-01   18:05:07,61.994,-49.6678,16.72,76,100,14.54
133,Chokurdakh,RU,2022-02-01   18:05:08,70.6333,147.9167,-20.2,98,100,1.28
134,Wangou,CN,2022-02-01   18:05:08,42.0623,126.9127,-3.21,99,88,2.77
135,Gizo,SB,2022-02-01   18:05:08,-8.103,156.8419,82.83,78,89,11.63
136,Moron,AR,2022-02-01   18:05:09,-34.6534,-58.6198,87.03,43,1,3.0
137,Lorengau,PG,2022-02-01   18:00:26,-2.0226,147.2712,78.53,82,100,7.05
138,Quelimane,MZ,2022-02-01   18:06:09,-17.8786,36.8883,80.55,83,0,8.05
139,Puerto Del Rosario,ES,2022-02-01   18:06:09,28.5004,-13.8627,69.48,68,0,6.91
140,Port Macquarie,AU,2022-02-01   18:00:24,-31.4333,152.9167,75.88,88,89,6.96
141,Hasaki,JP,2022-02-01   17:59:30,35.7333,140.8333,32.4,57,2,17.36
142,Semey,KZ,2022-02-01   18:06:10,50.4111,80.2275,-0.96,87,6,6.87
143,Nelson Bay,AU,2022-02-01   18:06:05,-32.7167,152.15,75.96,93,98,8.08
144,Mount Gambier,AU,2022-02-01   18:06:10,-37.8333,140.7667,52.0,62,63,7.54
145,Antequera,ES,2022-02-01   18:06:11,37.0194,-4.5612,53.94,68,0,4.07
146,Novaya Ladoga,RU,2022-02-01   18:06:11,60.1025,32.3019,18.34,97,99,5.61
147,Kastamonu,TR,2022-02-01   18:06:11,41.5,33.6667,24.76,94,85,1.21
148,Dovhe,UA,2022-02-01   18:06:12,48.3653,23.279,33.24,98,89,2.26
149,Gillette,US,2022-02-01   18:06:12,44.2911,-105.5022,14.23,69,100,4.0
150,Neya,RU,2022-02-01   18:06:12,58.2972,43.8681,27.39,95,100,11.39
151,Katsuura,JP,2022-02-01   18:06:13,35.1333,140.3,39.31,45,17,13.42
152,Lebu,CL,2022-02-01   18:01:18,-37.6167,-73.65,65.98,68,0,12.3
153,Leningradskiy,RU,2022-02-01   18:06:13,69.3833,178.4167,-12.01,94,52,12.06
154,Marienburg,PL,2022-02-01   18:06:14,54.0359,19.0266,34.12,98,100,14.9
155,Hinton,CA,2022-02-01   18:06:14,53.4001,-117.5857,4.1,86,100,3.85
156,Faanui,PF,2022-02-01   18:00:45,-16.4833,-151.75,80.69,75,12,19.24
157,Kieta,PG,2022-02-01   18:06:14,-6.2167,155.6333,79.12,87,99,5.06
158,Luwuk,ID,2022-02-01   18:06:15,-0.9516,122.7875,78.51,76,100,4.72
159,Malazgirt,TR,2022-02-01   18:06:15,39.1427,42.5401,13.08,94,51,1.54
160,Iskateley,RU,2022-02-01   18:06:15,67.6803,53.1512,-9.24,100,99,4.68
161,Lagoa,PT,2022-02-01   18:06:16,39.05,-27.9833,58.46,78,16,18.16
162,Tadepallegudem,IN,2022-02-01   18:06:16,16.8333,81.5,65.89,89,0,1.81
163,Canon City,US,2022-02-01   18:06:16,38.441,-105.2424,37.62,42,0,3.0
164,Mozarlandia,BR,2022-02-01   18:06:17,-14.7447,-50.5706,81.97,75,90,5.64
165,Waipawa,NZ,2022-02-01   18:03:13,-41.4122,175.5153,65.44,79,84,5.66
166,Bubaque,GW,2022-02-01   18:06:17,11.2833,-15.8333,79.5,72,15,12.33
167,Kaeo,NZ,2022-02-01   18:02:29,-35.1,173.7833,70.32,91,100,13.44
168,Cabo San Lucas,MX,2022-02-01   18:06:18,22.8909,-109.9124,77.5,51,0,1.01
169,Puerto Ayora,EC,2022-02-01   18:00:30,-0.7393,-90.3518,79.56,85,84,4.0
170,Umm Lajj,SA,2022-02-01   18:06:18,25.0213,37.2685,69.13,31,0,14.38
171,Prince Rupert,CA,2022-02-01   18:01:25,54.3161,-130.3201,31.93,87,100,4.41
172,Praya,CV,2022-02-01   18:03:30,14.9215,-23.5087,79.34,53,89,11.5
173,Uddevalla,SE,2022-02-01   18:06:19,58.3478,11.9424,30.99,93,99,1.01
174,Aitape,PG,2022-02-01   18:06:19,-3.1374,142.3475,76.71,89,100,5.55
175,Sakhnovshchyna,UA,2022-02-01   18:06:19,49.1517,35.872,19.83,97,71,4.21
176,Qiongshan,CN,2022-02-01   18:06:20,20.0058,110.3542,65.1,92,100,15.52
177,Ballina,AU,2022-02-01   18:06:20,-28.8667,153.5667,75.78,97,91,5.06
178,Kirakira,SB,2022-02-01   18:06:20,-10.4544,161.9205,79.34,84,98,4.43
179,Cangzhou,CN,2022-02-01   18:06:21,38.3167,116.8667,24.91,39,0,5.79
180,Saskylakh,RU,2022-02-01   18:00:22,71.9167,114.0833,-28.23,100,60,1.41
181,Korla,CN,2022-02-01   18:06:21,41.7597,86.1469,24.35,44,92,1.66
182,Cap Malheureux,MU,2022-02-01   18:06:21,-19.9842,57.6142,81.09,83,100,13.0
183,Lakatoro,VU,2022-02-01   18:06:22,-16.0999,167.4164,80.22,85,100,8.63
184,Le Mars,US,2022-02-01   18:07:22,42.7942,-96.1656,25.09,50,0,20.71
185,Guerrero Negro,MX,2022-02-01   18:00:30,27.9769,-114.0611,62.94,62,97,12.33
186,Fort Nelson,CA,2022-02-01   18:03:13,58.8053,-122.7002,-17.01,76,75,6.91
187,Longview,US,2022-02-01   18:04:48,32.5007,-94.7405,65.07,71,75,4.61
188,Grand Gaube,MU,2022-02-01   18:03:34,-20.0064,57.6608,81.0,83,100,11.99
189,Hambantota,LK,2022-02-01   18:07:23,6.1241,81.1185,74.84,76,2,14.85
190,Borogontsy,RU,2022-02-01   18:07:23,62.6683,131.1683,-27.49,100,100,1.88
191,Lompoc,US,2022-02-01   18:03:36,34.6391,-120.4579,64.09,56,0,13.8
192,Jasper,US,2022-02-01   18:07:24,37.2001,-94.3502,63.36,70,75,3.0
193,Labuhan,ID,2022-02-01   18:04:05,-6.8844,112.2051,77.56,88,98,4.5
194,Colac,AU,2022-02-01   18:07:24,-38.3333,143.5833,54.63,62,90,7.16
195,Ulladulla,AU,2022-02-01   18:07:25,-35.35,150.4667,71.76,91,100,12.44
196,Sechelt,CA,2022-02-01   18:07:25,49.4664,-123.7694,41.02,71,60,2.8
197,Antibes,FR,2022-02-01   18:07:25,43.5624,7.1278,52.45,53,0,2.3
198,Orsha,BY,2022-02-01   18:07:26,54.5153,30.4053,15.87,96,96,8.14
199,Te Anau,NZ,2022-02-01   18:07:26,-45.4167,167.7167,63.14,98,100,2.68
200,Berlevag,NO,2022-02-01   18:07:26,70.8578,29.0864,19.4,62,0,8.05
201,Brae,GB,2022-02-01   18:06:34,60.3964,-1.353,40.91,67,77,30.44
202,East London,ZA,2022-02-01   17:57:16,-33.0153,27.9116,74.34,94,20,6.91
203,Namibe,AO,2022-02-01   18:07:27,-15.1961,12.1522,74.55,67,38,13.06
204,Bulgan,MN,2022-02-01   18:07:27,48.8125,103.5347,-8.3,87,20,4.29
205,Kenai,US,2022-02-01   18:07:28,60.5544,-151.2583,18.03,73,100,21.85
206,Mayumba,GA,2022-02-01   18:07:28,-3.432,10.6554,79.0,87,34,5.75
207,Naze,JP,2022-02-01   18:07:28,28.3667,129.4833,55.94,70,100,11.56
208,Ishigaki,JP,2022-02-01   18:07:29,24.3448,124.1572,69.71,72,100,18.9
209,Novikovo,RU,2022-02-01   18:07:29,51.1537,37.8879,20.89,95,98,9.75
210,Toamasina,MG,2022-02-01   18:07:29,-18.1667,49.3833,76.68,84,100,10.69
211,Talnakh,RU,2022-02-01   18:01:39,69.4865,88.3972,5.72,96,100,9.33
212,Estelle,US,2022-02-01   18:07:30,29.8458,-90.1067,69.01,66,100,14.97
213,Mukhen,RU,2022-02-01   18:07:30,48.1,136.1,-1.41,97,100,3.58
214,Labytnangi,RU,2022-02-01   18:07:30,66.6572,66.4183,-23.49,100,99,2.59
215,Bida,NG,2022-02-01   18:07:31,9.0833,6.0167,84.78,10,0,5.86
216,Santa Cruz Del Norte,CU,2022-02-01   18:07:31,23.1539,-81.9236,77.72,58,99,18.03
217,Calvillo,MX,2022-02-01   18:07:31,21.85,-102.7167,67.14,16,0,9.62
218,Cidreira,BR,2022-02-01   18:07:32,-30.1811,-50.2056,75.78,64,82,9.84
219,Katherine,AU,2022-02-01   18:07:32,-14.4667,132.2667,77.32,78,65,8.05
220,Hilo,US,2022-02-01   17:57:06,19.7297,-155.09,69.39,95,87,0.31
221,Kununurra,AU,2022-02-01   18:07:33,-15.7667,128.7333,78.78,89,100,8.05
222,Santa Cruz,BO,2022-02-01   18:07:33,-17.8,-63.1667,82.17,68,100,1.57
223,Kidal,ML,2022-02-01   18:07:33,18.4411,1.4078,73.76,8,47,5.82
224,Coquimbo,CL,2022-02-01   18:07:34,-29.9533,-71.3436,67.62,74,97,5.59
225,Torbay,CA,2022-02-01   18:07:34,47.6666,-52.7314,28.58,56,32,7.0
226,Norman Wells,CA,2022-02-01   18:07:34,65.282,-126.8329,-17.37,99,98,2.66
227,Kamenka,RU,2022-02-01   18:07:35,51.3223,42.7678,29.75,96,82,9.6
228,Maniitsoq,GL,2022-02-01   18:08:35,65.4167,-52.9,10.54,88,100,9.98
229,Shubarshi,KZ,2022-02-01   18:08:35,48.5872,57.1869,20.44,86,100,10.29
230,Kahului,US,2022-02-01   18:06:34,20.8947,-156.47,68.68,79,20,0.0
231,Rawson,AR,2022-02-01   17:56:17,-43.3002,-65.1023,77.67,36,42,4.79
232,Talara,PE,2022-02-01   18:08:36,-4.5772,-81.2719,90.36,45,0,10.36
233,Tieling,CN,2022-02-01   18:08:36,42.2931,123.8414,12.54,64,0,6.71
234,Svetlaya,RU,2022-02-01   18:08:36,46.5389,138.3297,8.06,75,11,9.33
235,Ambon,ID,2022-02-01   18:08:37,-3.6954,128.1814,75.34,94,40,5.75
236,Mount Isa,AU,2022-02-01   18:07:03,-20.7333,139.5,78.57,83,40,4.61
237,Chicama,PE,2022-02-01   18:08:37,-7.8447,-79.1469,66.74,54,76,12.01
238,Quatre Cocos,MU,2022-02-01   18:08:37,-20.2078,57.7625,80.71,92,100,29.89
239,Eyl,SO,2022-02-01   18:08:38,7.9803,49.8164,76.26,77,95,21.14
240,Nara,JP,2022-02-01   18:08:38,34.6851,135.8049,42.08,49,28,11.14
241,Saint-Georges,GD,2022-02-01   18:08:38,12.0564,-61.7485,80.56,70,4,14.18
242,Kavaratti,IN,2022-02-01   18:08:39,10.5669,72.642,80.37,69,15,6.87
243,Tammisaari,FI,2022-02-01   18:08:39,59.9736,23.4339,17.11,93,76,2.89
244,Baykit,RU,2022-02-01   18:08:39,61.67,96.37,-10.23,100,90,1.01
245,Mamburao,PH,2022-02-01   18:08:40,13.25,120.6667,75.18,83,94,7.2
246,Clyde River,CA,2022-02-01   17:55:57,70.4692,-68.5914,-21.77,69,75,4.61
247,San Patricio,US,2022-02-01   18:08:40,28.017,-97.5169,70.18,62,85,5.14
248,Nossa Senhora Das Dores,BR,2022-02-01   18:08:41,-10.4917,-37.1933,83.88,50,81,12.08
249,Talcahuano,CL,2022-02-01   18:08:41,-36.7167,-73.1167,63.54,68,0,7.67
250,Krasnaya Gora,RU,2022-02-01   18:08:41,52.9995,31.6023,17.6,95,100,7.9
251,Zhanaozen,KZ,2022-02-01   18:07:02,43.3,52.8,41.25,56,29,9.28
252,Avarua,CK,2022-02-01   18:00:20,-21.2078,-159.775,78.85,89,20,12.66
253,Zhezkazgan,KZ,2022-02-01   18:08:42,47.8043,67.7144,8.58,96,95,9.17
254,Otavalo,EC,2022-02-01   18:08:42,0.2333,-78.2667,68.22,65,95,3.36
255,Carberry,CA,2022-02-01   18:08:42,49.8689,-99.3602,-0.17,87,100,17.29
256,Atherton,GB,2022-02-01   18:08:43,53.5237,-2.4935,52.92,81,72,11.01
257,Oskaloosa,US,2022-02-01   18:08:43,41.2964,-92.6444,39.02,70,0,20.71
258,Bandarbeyla,SO,2022-02-01   18:00:26,9.4942,50.8122,76.82,78,71,16.87
259,Sur,OM,2022-02-01   18:08:43,22.5667,59.5289,73.96,69,2,8.41
260,Khor,RU,2022-02-01   18:08:44,47.8861,134.9464,-10.5,99,95,5.73
261,Northam,GB,2022-02-01   18:08:44,51.0333,-4.2167,52.39,93,100,19.77
262,Mbekenyera,TZ,2022-02-01   18:08:44,-10.0,38.9833,71.46,97,29,3.98
263,Mnogovershinnyy,RU,2022-02-01   18:08:45,53.9353,139.9242,-6.54,94,97,5.19
264,Asandh,IN,2022-02-01   18:08:45,29.5167,76.6,50.65,82,0,7.09
265,Ankazoabo,MG,2022-02-01   18:04:59,-22.2833,44.5167,80.02,46,2,6.82
266,Alta Gracia,AR,2022-02-01   18:08:46,-31.6529,-64.4283,92.55,33,0,11.63
267,Nanortalik,GL,2022-02-01   18:00:23,60.1432,-45.2371,12.76,78,19,12.37
268,Boyolangu,ID,2022-02-01   18:08:46,-8.1181,111.8935,74.59,91,97,4.72
269,San Cristobal,VE,2022-02-01   18:08:46,7.7669,-72.225,77.18,30,49,8.21
270,Fomboni,KM,2022-02-01   18:08:47,-12.28,43.7425,82.96,72,93,5.73
271,Ust-Maya,RU,2022-02-01   18:04:22,60.4167,134.5333,-15.84,98,100,3.58
272,Okhotsk,RU,2022-02-01   18:08:47,59.3833,143.3,1.31,78,83,16.17
273,Husavik,IS,2022-02-01   18:08:47,66.0449,-17.3389,11.43,79,47,11.88
274,Santa Cruz De La Palma,ES,2022-02-01   18:08:48,28.6835,-17.7642,74.14,72,40,2.3
275,Mindelo,CV,2022-02-01   18:08:48,16.8901,-24.9804,78.35,61,75,6.91
276,Talas,TR,2022-02-01   18:09:48,38.6908,35.5538,23.67,93,75,0.0
277,Shimoda,JP,2022-02-01   18:09:49,34.6667,138.95,38.1,62,4,29.97
278,Ziro,IN,2022-02-01   18:09:49,27.6333,93.8333,35.06,97,99,1.19
279,Broken Hill,AU,2022-02-01   18:09:49,-31.95,141.4333,62.58,44,100,24.38
280,Omboue,GA,2022-02-01   18:09:50,-1.5746,9.2618,79.27,84,61,6.76
281,Gorele,TR,2022-02-01   18:09:50,41.0308,39.0031,44.04,70,100,9.19
282,Romny,UA,2022-02-01   18:09:50,50.751,33.4747,16.02,96,26,7.14
283,Mizan Teferi,ET,2022-02-01   18:09:51,6.9833,35.5833,70.27,45,100,1.59
284,Viedma,AR,2022-02-01   18:09:51,-40.8135,-62.9967,80.46,28,57,12.24
285,Necochea,AR,2022-02-01   18:09:51,-38.5473,-58.7368,80.04,33,1,15.12
286,Paraiso,CR,2022-02-01   18:09:52,9.8383,-83.8656,79.88,42,7,4.59
287,Aras,ES,2022-02-01   18:09:52,42.5617,-2.356,44.06,76,75,6.91
288,Caarapo,BR,2022-02-01   18:09:52,-22.6342,-54.8222,89.83,37,40,4.79
289,Bolobo,CD,2022-02-01   18:09:53,-2.1667,16.2333,79.74,64,83,2.86
290,Cururupu,BR,2022-02-01   18:09:53,-1.8283,-44.8683,84.24,71,84,7.27
291,Honningsvag,NO,2022-02-01   18:09:53,70.9821,25.9704,20.95,63,0,12.66
292,Tiksi,RU,2022-02-01   18:09:54,71.6872,128.8694,-17.21,100,100,3.42
293,Najran,SA,2022-02-01   18:09:54,17.4924,44.1277,69.17,37,17,5.91
294,Varnamo,SE,2022-02-01   18:09:54,57.186,14.04,29.88,94,100,8.59
295,Anshun,CN,2022-02-01   18:09:54,26.25,105.9333,30.78,89,100,8.99
296,Vagur,FO,2022-02-01   18:09:55,61.4732,-6.8119,36.05,68,97,18.32
297,Imbituba,BR,2022-02-01   18:09:55,-28.24,-48.6703,82.29,70,30,10.4
298,Harer,ET,2022-02-01   18:09:55,9.3094,42.1258,60.89,42,34,9.62
299,Hofn,IS,2022-02-01   18:09:56,64.2539,-15.2082,24.04,53,0,7.31
300,Alice Springs,AU,2022-02-01   18:09:56,-23.7,133.8833,72.95,100,100,4.61
301,Pampa,US,2022-02-01   18:06:58,35.5362,-100.9599,44.64,49,100,20.71
302,Isangel,VU,2022-02-01   18:09:57,-19.55,169.2667,77.36,82,100,3.29
303,Sakakah,SA,2022-02-01   18:09:57,29.9697,40.2064,51.42,44,0,7.16
304,Sorland,NO,2022-02-01   18:01:34,67.667,12.6934,30.06,54,100,22.95
305,Zalantun,CN,2022-02-01   18:09:57,48.0,122.7167,-6.2,85,44,8.01
306,Cusset,FR,2022-02-01   18:09:58,46.13,3.4596,46.74,96,100,5.93
307,Dingle,PH,2022-02-01   18:09:58,10.9995,122.6711,73.71,94,100,7.14
308,Filingue,NE,2022-02-01   18:09:58,14.3521,3.3168,72.99,8,4,8.25
309,Samarai,PG,2022-02-01   18:09:59,-10.6167,150.6667,80.71,79,100,12.39
310,General Roca,AR,2022-02-01   18:09:59,-39.0333,-67.5833,96.62,12,81,14.16
311,Biak,ID,2022-02-01   18:09:59,-0.9131,122.8766,77.58,77,100,4.85
312,Luanda,AO,2022-02-01   18:10:00,-8.8368,13.2343,77.52,77,50,16.58
313,Wucheng,CN,2022-02-01   18:10:01,29.6008,118.175,37.74,98,100,4.56
314,Chara,RU,2022-02-01   18:10:01,56.9064,118.2631,-20.07,88,53,1.57
315,Kloulklubed,PW,2022-02-01   18:10:02,7.0419,134.2556,81.27,78,100,21.81
316,Bogande,BF,2022-02-01   18:10:02,12.9714,-0.1436,77.18,7,27,10.36
317,Euclides Da Cunha,BR,2022-02-01   18:10:03,-10.5075,-39.0158,95.04,26,7,7.54
318,Melito Di Porto Salvo,IT,2022-02-01   18:10:03,37.9222,15.7714,54.79,54,75,12.66
319,Caravelas,BR,2022-02-01   18:10:04,-17.7125,-39.2481,86.34,61,100,10.96
320,Portree,GB,2022-02-01   18:10:04,57.4129,-6.1942,47.86,84,100,14.94
321,Flin Flon,CA,2022-02-01   18:10:04,54.7682,-101.865,-10.3,85,90,12.64
322,Coihaique,CL,2022-02-01   18:11:05,-45.5752,-72.0662,69.75,40,75,9.22
323,Ust-Nera,RU,2022-02-01   18:11:05,64.5667,143.2,-4.67,99,100,4.88
324,Padang,ID,2022-02-01   18:11:05,-0.9492,100.3543,76.15,90,100,5.57
325,Hualmay,PE,2022-02-01   18:11:06,-11.0964,-77.6139,75.97,69,72,11.23
326,Shintomi,JP,2022-02-01   18:11:06,32.0785,131.4723,36.23,74,26,5.82
327,Discovery Bay,US,2022-02-01   18:11:06,37.9085,-121.6002,56.14,35,0,5.01
328,Cine,TR,2022-02-01   18:11:07,37.6117,28.0614,52.7,89,100,6.22
329,Huilong,CN,2022-02-01   18:11:07,31.8111,121.655,42.04,70,49,7.43
330,Hobyo,SO,2022-02-01   18:11:07,5.3505,48.5268,78.26,84,87,18.45
331,Shizunai,JP,2022-02-01   18:11:08,42.3339,142.3669,24.19,81,72,9.19
332,Bilma,NE,2022-02-01   18:11:08,18.6853,12.9164,60.89,18,0,5.14
333,The Valley,AI,2022-02-01   18:07:00,18.217,-63.0578,81.1,74,75,11.5
334,Peleduy,RU,2022-02-01   18:11:09,59.6289,112.7406,-3.73,99,100,3.78
335,Bobrov,RU,2022-02-01   18:11:09,51.0961,40.0333,22.44,92,95,8.81
336,Kiunga,PG,2022-02-01   18:11:09,-6.1219,141.2906,71.24,99,100,1.79
337,Reconquista,AR,2022-02-01   18:10:11,-29.15,-59.65,103.5,15,0,3.22
338,Nikolskoye,RU,2022-02-01   18:11:10,59.7035,30.7861,26.49,100,100,2.42
339,Jinchang,CN,2022-02-01   18:11:10,38.4953,102.1739,20.1,34,23,2.98
340,Ayan,RU,2022-02-01   18:11:10,56.45,138.1667,-3.14,71,95,13.27
341,Moranbah,AU,2022-02-01   18:11:11,-22.0016,148.0466,77.47,78,100,11.21
342,Constitucion,CL,2022-02-01   18:11:11,-35.3333,-72.4167,68.52,62,4,8.55
343,Rocha,UY,2022-02-01   18:08:50,-34.4833,-54.3333,79.09,33,0,2.21
344,Tabuk,PH,2022-02-01   18:11:11,17.4189,121.4443,69.4,90,85,1.72
345,Charlottetown,CA,2022-02-01   18:11:01,46.2352,-63.1267,17.78,65,35,8.99
346,Durban,ZA,2022-02-01   18:11:12,-29.8579,31.0292,79.02,90,61,3.0
347,Hohhot,CN,2022-02-01   18:11:12,40.8106,111.6522,9.97,56,0,2.91
348,Tomatlan,MX,2022-02-01   18:11:13,19.9333,-105.25,87.03,20,0,6.38
349,Camacha,PT,2022-02-01   18:07:28,33.0833,-16.3333,64.53,77,0,21.85
350,Minab,IR,2022-02-01   18:11:13,27.1467,57.0801,71.1,76,0,7.0
351,Esperance,AU,2022-02-01   18:11:13,-33.8667,121.9,63.21,66,63,16.98
352,Safidon,IN,2022-02-01   18:11:14,29.4167,76.6667,50.83,81,0,7.18
353,Rapid Valley,US,2022-02-01   18:11:14,44.0625,-103.1463,24.62,45,20,1.99
354,Santa Isabel Do Rio Negro,BR,2022-02-01   18:11:14,-0.4139,-65.0192,91.09,54,83,2.26
355,Bereda,ES,2022-02-01   18:11:15,43.2686,-7.5406,49.75,89,1,5.46
356,Antalaha,MG,2022-02-01   18:11:15,-14.9003,50.2788,76.75,81,95,7.9
357,Shingu,JP,2022-02-01   18:11:15,33.7333,135.9833,42.91,57,8,13.11
358,Nago,JP,2022-02-01   18:11:16,26.5881,127.9761,64.83,73,100,11.36
359,Iqaluit,CA,2022-02-01   18:11:16,63.7506,-68.5145,-20.47,74,100,0.0
360,Ternate,ID,2022-02-01   18:11:16,0.8,127.4,79.43,75,100,6.06
361,Ahipara,NZ,2022-02-01   18:11:17,-35.1667,173.1667,69.01,87,100,15.41
362,Chihuahua,MX,2022-02-01   18:11:17,28.5,-106.0,59.83,15,9,11.65
363,Yahotyn,UA,2022-02-01   18:11:17,50.2798,31.7625,30.11,95,17,7.27
364,Elko,US,2022-02-01   18:11:18,41.0002,-115.5012,24.75,67,0,10.0
365,Tura,IN,2022-02-01   18:11:18,25.5198,90.2201,53.83,69,13,4.52
366,Parys,FR,2022-02-01   18:09:00,48.8534,2.3488,50.7,92,100,8.01
367,Agua Branca,BR,2022-02-01   18:11:19,-5.8922,-42.6361,92.34,37,30,2.86
368,Highland Springs,US,2022-02-01   18:12:19,37.546,-77.3278,46.38,51,75,6.91
369,Slyudyanka,RU,2022-02-01   18:12:19,51.6594,103.7061,11.75,96,100,2.91
370,Stornoway,GB,2022-02-01   18:12:20,58.2093,-6.3865,41.94,84,40,5.99
371,Santa Juliana,PH,2022-02-01   18:12:20,15.3283,120.4286,69.82,86,36,0.36
372,Liwale,TZ,2022-02-01   18:12:20,-9.7667,37.9333,70.27,96,45,1.1
373,Belyy Yar,RU,2022-02-01   18:07:34,53.6039,91.3903,-14.91,84,100,2.24
374,Marsaxlokk,MT,2022-02-01   18:12:21,35.8419,14.5431,54.09,62,20,26.46
375,Daru,PG,2022-02-01   18:12:21,-9.0763,143.2092,75.27,91,100,10.25
376,Sao Felix Do Xingu,BR,2022-02-01   18:12:21,-6.6447,-51.995,81.43,69,98,1.86
377,Sola,VU,2022-02-01   18:12:22,-13.8833,167.55,80.74,79,100,14.45
378,Jumla,NP,2022-02-01   18:12:22,29.2747,82.1838,31.5,54,3,4.18
379,Nuevo Laredo,MX,2022-02-01   18:12:23,27.4763,-99.5164,67.98,70,40,0.0
380,Thatta,PK,2022-02-01   18:12:23,24.7475,67.9235,71.11,64,0,8.21
381,Gushikawa,JP,2022-02-01   18:12:23,26.3544,127.8686,63.99,66,100,6.91
382,Menongue,AO,2022-02-01   18:12:24,-14.6585,17.691,68.63,51,100,5.84
383,Yar-Sale,RU,2022-02-01   18:12:24,66.8333,70.8333,-17.19,99,63,6.24
384,Oistins,BB,2022-02-01   18:09:21,13.0667,-59.5333,84.29,61,20,14.97
385,Calvinia,ZA,2022-02-01   18:12:24,-31.4707,19.776,79.77,50,91,6.08
386,Bereznik,RU,2022-02-01   18:12:25,62.8551,42.7072,14.77,95,100,6.11
387,Santa Vitoria Do Palmar,BR,2022-02-01   18:12:25,-33.5189,-53.3681,76.73,36,0,3.49
388,Yerbogachen,RU,2022-02-01   18:12:25,61.2767,108.0108,-28.62,100,71,1.88
389,Cane,HN,2022-02-01   18:12:26,14.2833,-87.6667,86.47,32,0,4.68
390,Codrington,AU,2022-02-01   18:12:26,-38.2667,141.9667,55.96,55,65,13.69
391,North Bend,US,2022-02-01   18:12:26,43.4065,-124.2243,41.14,93,20,4.61
392,North Platte,US,2022-02-01   18:12:27,41.1239,-100.7654,28.99,46,20,14.97
393,Toshkivka,UA,2022-02-01   18:12:27,48.7791,38.579,32.43,92,100,7.2
394,Sitka,US,2022-02-01   18:12:27,57.0531,-135.33,31.89,80,75,0.0
395,Asau,RO,2022-02-01   18:12:27,46.4333,26.4,34.95,68,100,0.76
396,Varzea Da Palma,BR,2022-02-01   18:12:28,-17.5981,-44.7308,82.54,66,74,4.52
397,Port Hardy,CA,2022-02-01   18:12:28,50.6996,-127.4199,39.76,82,100,5.61
398,Bathsheba,BB,2022-02-01   18:12:28,13.2167,-59.5167,84.81,61,20,14.97
399,Santo Amaro Da Imperatriz,BR,2022-02-01   18:12:29,-27.6881,-48.7786,85.64,70,42,4.81
400,Beringovskiy,RU,2022-02-01   18:12:29,63.05,179.3167,-2.24,89,91,13.35
401,Suluq,LY,2022-02-01   18:12:29,31.6682,20.2521,55.2,57,84,12.86
402,Gossas,SN,2022-02-01   18:12:30,14.4912,-16.0642,99.27,7,30,15.57
403,Eureka,US,2022-02-01   18:11:24,40.8021,-124.1637,47.01,79,1,10.0
404,Ilulissat,GL,2022-02-01   18:08:51,69.2167,-51.1,3.22,51,75,8.05
405,Olafsvik,IS,2022-02-01   18:12:30,64.8945,-23.7142,29.08,93,100,16.26
406,Tarnos,FR,2022-02-01   18:12:31,43.5417,-1.4628,52.02,83,100,5.75
407,Karasburg,NA,2022-02-01   18:12:31,-28.0167,18.75,76.32,62,100,12.03
408,Kristianstad,SE,2022-02-01   18:12:31,56.0313,14.1524,40.84,100,100,1.99
409,Jalalpur Jattan,PK,2022-02-01   18:12:31,32.6374,74.2183,53.47,71,1,4.61
410,Batagay-Alyta,RU,2022-02-01   18:12:32,67.8006,130.4114,-12.05,97,95,2.51
411,Kaitangata,NZ,2022-02-01   18:12:32,-46.2817,169.8464,59.22,94,91,1.34
412,Itarema,BR,2022-02-01   18:12:32,-2.9248,-39.9167,85.48,63,98,16.2
413,Shamary,RU,2022-02-01   18:13:33,57.3434,58.2199,29.28,96,100,9.24
414,Khatassy,RU,2022-02-01   18:13:33,61.9036,129.6383,-23.82,93,100,7.81
415,Kampong Chhnang,KH,2022-02-01   18:13:34,12.1667,104.55,77.92,61,77,11.3
416,Geraldton,AU,2022-02-01   18:13:34,-28.7667,114.6,84.61,26,97,14.97
417,Ludvika,SE,2022-02-01   18:13:34,60.1496,15.1878,21.04,82,100,6.35
418,Airai,TL,2022-02-01   18:13:35,-8.9266,125.4092,60.01,85,86,3.33
419,Kedgwick,CA,2022-02-01   18:13:35,47.6446,-67.3434,12.29,73,19,2.15
420,Kalmunai,LK,2022-02-01   18:13:35,7.4167,81.8167,74.44,73,31,4.68
421,Raudeberg,NO,2022-02-01   18:13:36,61.9875,5.1352,36.27,92,100,10.0
422,Nata,PA,2022-02-01   18:13:36,8.3333,-80.5167,87.67,40,39,13.35
423,Puerto Gaitan,CO,2022-02-01   18:12:58,4.3133,-72.0816,95.97,22,99,14.88
424,Bontang,ID,2022-02-01   18:13:36,0.1333,117.5,77.49,88,92,9.48
425,Aasiaat,GL,2022-02-01   18:13:37,68.7098,-52.8699,2.1,98,100,6.4
426,Portobelo,PA,2022-02-01   18:13:37,9.55,-79.65,87.62,68,24,10.02
427,Clearwater,US,2022-02-01   18:13:37,27.9659,-82.8001,74.08,46,0,8.01
428,Subiaco,IT,2022-02-01   18:13:38,41.9254,13.0941,48.13,42,3,6.26
429,Pozo Colorado,PY,2022-02-01   18:13:38,-23.4923,-58.7972,107.31,14,1,4.56
430,Moose Factory,CA,2022-02-01   18:13:39,51.2585,-80.6094,30.2,64,100,13.8
431,Pala,TD,2022-02-01   18:13:39,9.3642,14.9046,73.74,13,16,6.11
432,Churapcha,RU,2022-02-01   18:12:15,62.0025,132.4325,-22.31,98,100,3.51
433,Yellowknife,CA,2022-02-01   18:13:39,62.456,-114.3525,-23.58,74,0,11.5
434,Christchurch,NZ,2022-02-01   18:13:40,-43.5333,172.6333,70.0,70,100,1.99
435,Mbaiki,CF,2022-02-01   18:13:40,3.8678,17.9892,77.4,21,47,2.77
436,Dera Bugti,PK,2022-02-01   18:13:40,29.0307,69.151,62.26,29,0,2.19
437,Sao Paulo De Olivenca,BR,2022-02-01   18:13:41,-3.3783,-68.8725,92.8,48,75,3.18
438,Burnie,AU,2022-02-01   18:13:41,-41.0667,145.9167,50.94,73,10,11.05
439,Capitan Bado,PY,2022-02-01   18:13:41,-23.2667,-55.5333,92.77,29,21,10.87
440,Kinlochleven,GB,2022-02-01   18:13:42,56.7115,-4.9661,46.29,83,100,14.83
441,Te Karaka,NZ,2022-02-01   18:13:42,-38.4654,177.8679,58.59,97,77,2.48
442,Ancud,CL,2022-02-01   18:13:42,-41.8697,-73.8203,67.23,77,93,8.95
443,Jiayuguan,CN,2022-02-01   18:13:43,39.8167,98.3,19.72,32,96,2.57
444,Iturama,BR,2022-02-01   18:13:43,-19.7281,-50.1956,72.14,90,100,6.22
445,Nikel,RU,2022-02-01   18:13:43,69.4128,30.222,-5.62,95,90,3.0
446,Kaspiysk,RU,2022-02-01   18:13:44,42.8816,47.6392,32.18,86,7,4.47
447,Taggia,IT,2022-02-01   18:13:44,43.8485,7.8545,51.57,65,0,5.73
448,Cam Ranh,VN,2022-02-01   18:13:44,11.9214,109.1591,75.16,78,20,6.91
449,Russkaya Polyana,UA,2022-02-01   18:13:45,49.417,31.9201,22.87,92,20,5.84
450,Usinsk,RU,2022-02-01   18:13:45,65.9939,57.5281,-6.54,99,72,7.05
451,Fortuna,US,2022-02-01   18:13:45,40.5982,-124.1573,46.98,70,0,1.99
452,Bang Saphan,TH,2022-02-01   18:13:46,11.2126,99.5117,73.98,90,54,2.15
453,Kailua,US,2022-02-01   18:08:22,21.4022,-157.7394,75.07,87,0,6.91
454,Fougeres,FR,2022-02-01   18:13:46,48.35,-1.2,49.12,93,100,17.45
455,Valparaiso,CL,2022-02-01   18:12:12,-33.0393,-71.6273,67.64,67,0,14.97
456,Kangaba,ML,2022-02-01   18:13:47,11.9333,-8.4167,89.62,9,61,9.73
457,Dongfeng,CN,2022-02-01   18:13:47,42.6403,125.5118,-0.09,90,4,5.19
458,Kafanchan,NG,2022-02-01   18:13:47,9.5833,8.3,74.48,16,0,3.47
459,Show Low,US,2022-02-01   18:13:47,34.2542,-110.0298,50.68,28,20,14.97
460,Gravdal,NO,2022-02-01   18:14:48,68.1214,13.5031,30.09,51,0,19.57
461,Oktyabrskiy,RU,2022-02-01   18:14:48,54.4815,53.471,29.7,91,100,12.1
462,Maarianhamina,AX,2022-02-01   18:14:48,60.0973,19.9348,21.06,86,75,3.44
463,Rosetta,EG,2022-02-01   18:14:49,31.4044,30.4164,56.23,61,19,8.01
464,Viru,PE,2022-02-01   18:14:49,-8.4167,-78.75,67.3,52,88,12.08
465,Majene,ID,2022-02-01   18:14:49,-3.5403,118.9707,78.96,83,98,5.84
466,Maceio,BR,2022-02-01   18:13:56,-9.6658,-35.7353,90.84,51,20,14.97
467,Yandyki,RU,2022-02-01   18:14:50,45.7691,47.1258,35.67,91,58,3.13
468,Riyadh,SA,2022-02-01   18:10:05,24.6877,46.7219,59.14,26,0,12.53
469,Akhalgori,GE,2022-02-01   18:14:50,42.126,44.4833,38.71,76,19,4.83
470,Opuwo,NA,2022-02-01   18:14:50,-18.0607,13.84,76.3,31,57,14.67
471,Bulungu,CD,2022-02-01   18:14:51,-4.55,18.6,76.24,73,55,0.89
472,Lapeer,US,2022-02-01   18:13:44,43.0514,-83.3188,44.38,52,0,16.11
473,Senador Jose Porfirio,BR,2022-02-01   18:14:51,-2.5908,-51.9542,80.8,77,99,2.66
474,Tire,TR,2022-02-01   18:14:52,38.0888,27.7351,51.8,91,100,5.73
475,Namanyere,TZ,2022-02-01   18:14:52,-7.5167,31.05,60.39,98,99,0.96
476,Marawi,PH,2022-02-01   18:14:52,7.9986,124.2928,66.65,94,100,0.54
477,Bogorodskoye,RU,2022-02-01   18:14:52,56.55,37.8833,28.09,94,100,9.64
478,Hamilton,US,2022-02-01   18:14:53,39.1834,-84.5333,55.78,46,100,3.0
479,Launceston,AU,2022-02-01   18:12:15,-41.45,147.1667,52.61,57,73,4.0
480,Muros,ES,2022-02-01   18:14:53,42.7762,-9.0603,57.09,64,0,11.12
481,Avera,US,2022-02-01   18:14:53,33.194,-82.5271,62.11,50,0,9.46
482,Kumla,SE,2022-02-01   18:14:54,59.1277,15.1434,25.81,80,75,10.36
483,Vredendal,ZA,2022-02-01   18:14:54,-31.6683,18.5012,70.84,79,3,8.75
484,Hami,CN,2022-02-01   18:14:54,42.8,93.45,22.8,33,18,2.28
485,Eenhana,NA,2022-02-01   18:14:55,-17.4667,16.3333,76.48,28,99,5.73
486,Iguai,BR,2022-02-01   18:14:55,-14.7564,-40.0892,88.07,48,5,4.12
487,Gazanjyk,TM,2022-02-01   18:14:55,39.2446,55.5154,49.23,42,100,4.27
488,Marsh Harbour,BS,2022-02-01   18:14:56,26.5412,-77.0636,68.02,53,45,13.04
489,Cherskiy,RU,2022-02-01   18:14:56,68.75,161.3,-9.27,81,99,1.54
490,Natal,BR,2022-02-01   18:14:56,-5.795,-35.2094,88.45,66,40,14.97
491,Gobabis,NA,2022-02-01   18:14:57,-22.45,18.9667,71.6,73,100,2.39
492,Vanimo,PG,2022-02-01   18:14:57,-2.6741,141.3028,76.05,86,100,5.06
493,Dalbeattie,GB,2022-02-01   18:14:57,54.9328,-3.8227,48.0,77,92,19.44
494,Khonsa,IN,2022-02-01   18:14:58,27.0167,95.5667,46.11,97,95,1.48
495,Aloleng,PH,2022-02-01   18:14:58,16.1307,119.7824,75.96,75,4,11.77
496,Alofi,NU,2022-02-01   18:14:58,-19.0595,-169.9187,69.69,100,3,1.14
497,Carnduff,CA,2022-02-01   18:14:59,49.1667,-101.8009,-2.61,86,98,19.66
498,Touros,BR,2022-02-01   18:14:59,-5.1989,-35.4608,88.7,63,21,14.14
499,Nalut,LY,2022-02-01   18:14:59,30.3333,10.85,51.69,40,9,16.15
500,Westport,US,2022-02-01   18:13:51,41.1415,-73.3579,38.16,62,40,1.01
501,Birao,CF,2022-02-01   18:15:00,10.2849,22.7882,73.96,17,37,6.73
502,Parauna,BR,2022-02-01   18:15:00,-16.9478,-50.4486,77.7,77,99,8.43
503,Sabha,LY,2022-02-01   18:15:01,27.0377,14.4283,57.83,17,3,9.46
504,Henties Bay,NA,2022-02-01   18:15:01,-22.116,14.2845,70.86,75,18,6.64
505,Tautira,PF,2022-02-01   18:15:01,-17.7333,-149.15,82.42,79,39,20.56
506,Krasnokamensk,RU,2022-02-01   18:15:02,50.0979,118.0369,-18.56,98,24,4.03
507,Elizabeth City,US,2022-02-01   18:16:02,36.2946,-76.2511,49.01,57,0,16.11
508,Aykhal,RU,2022-02-01   18:16:02,66.0,111.5,-24.05,100,37,3.38
509,Copiapo,CL,2022-02-01   18:16:03,-27.3667,-70.3333,81.84,33,14,11.18
510,Mogadishu,SO,2022-02-01   18:16:03,2.0371,45.3438,78.64,86,100,19.28
511,Nome,US,2022-02-01   18:16:04,64.5011,-165.4064,21.27,53,0,26.46
512,Lejanias,CO,2022-02-01   18:16:04,3.5251,-74.0216,88.07,32,92,10.98
513,Anchorage,US,2022-02-01   18:15:18,61.2181,-149.9003,20.32,78,20,3.0
514,Mezen,RU,2022-02-01   18:16:05,65.8522,44.24,2.41,96,96,7.02
515,Inhambane,MZ,2022-02-01   18:16:05,-23.865,35.3833,78.78,89,20,6.91
516,Akyab,MM,2022-02-01   18:16:05,20.15,92.9,66.6,73,52,7.18
517,Lithgow,AU,2022-02-01   18:16:06,-33.4833,150.15,63.48,98,100,2.71
518,Karpathos,GR,2022-02-01   18:16:06,35.507,27.2132,58.96,72,40,21.85
519,Fairbanks,US,2022-02-01   18:16:07,64.8378,-147.7164,-14.4,74,0,0.0
520,Griffith,US,2022-02-01   18:16:07,41.5284,-87.4237,48.02,69,75,7.0
521,Satkhira,BD,2022-02-01   18:16:07,22.7167,89.1,72.09,57,4,4.27
522,Carutapera,BR,2022-02-01   18:16:08,-1.195,-46.02,81.43,81,100,8.41
523,Bilibino,RU,2022-02-01   18:16:08,68.0546,166.4372,6.24,64,100,5.97
524,Coyula,MX,2022-02-01   18:16:08,20.6333,-103.2,74.23,24,0,7.72
525,Sparks,US,2022-02-01   18:16:09,39.5349,-119.7527,37.11,44,20,4.61
526,Havre-Saint-Pierre,CA,2022-02-01   18:16:09,50.2334,-63.5986,7.39,55,0,10.36
527,Malayal,PH,2022-02-01   18:16:10,7.208,121.942,75.0,83,95,1.45
528,Mattru,SL,2022-02-01   18:16:10,7.6244,-11.8332,88.59,38,92,6.2
529,Pandan,PH,2022-02-01   18:16:10,14.0453,124.1694,76.84,87,99,16.69
530,Zanjan,IR,2022-02-01   18:15:10,36.6736,48.4787,19.27,87,14,1.36
531,Sibolga,ID,2022-02-01   18:16:11,1.7427,98.7792,74.3,95,100,1.28
532,Boma,GH,2022-02-01   18:16:11,7.0805,-2.1697,83.5,16,19,3.56
533,Kupang,ID,2022-02-01   18:16:11,-10.1667,123.5833,79.48,83,4,9.91
534,Vila,PT,2022-02-01   18:16:12,42.0304,-8.1588,49.08,76,5,5.12
535,Mackenzie,CA,2022-02-01   18:16:12,55.2999,-123.1698,-1.98,65,0,0.0
536,Tete,MZ,2022-02-01   18:16:12,-16.1564,33.5867,87.89,55,20,3.44
537,Egvekinot,RU,2022-02-01   18:16:13,66.3167,-179.1667,-2.49,70,80,15.43
538,Port-Cartier,CA,2022-02-01   18:16:13,50.0334,-66.8654,6.91,73,35,2.3
539,Tchibanga,GA,2022-02-01   18:16:14,-2.85,11.0333,74.41,91,82,5.21
540,Havoysund,NO,2022-02-01   18:16:14,70.9963,24.6622,21.43,71,99,7.02
541,Iisalmi,FI,2022-02-01   18:16:14,63.5592,27.1907,17.62,96,100,4.65
542,Ambovombe,MG,2022-02-01   18:16:15,-25.1667,46.0833,74.77,81,0,21.5
543,Sol-Iletsk,RU,2022-02-01   18:16:15,51.1631,54.9918,27.1,97,100,13.06
544,Kemijarvi,FI,2022-02-01   18:16:15,66.7131,27.4306,13.44,94,100,7.02
545,Ust-Kuyga,RU,2022-02-01   18:12:11,70.0167,135.6,-15.38,94,100,4.18
546,Nizwa,OM,2022-02-01   18:16:16,22.9333,57.5333,72.46,24,27,2.37
547,Brainerd,US,2022-02-01   18:16:16,46.358,-94.2008,15.82,62,100,18.41
548,Kingman,US,2022-02-01   18:11:34,35.1894,-114.053,53.89,22,75,8.05
549,Zhigansk,RU,2022-02-01   18:16:17,66.7697,123.3711,-29.25,99,93,8.7
550,Axim,GH,2022-02-01   18:16:17,4.8699,-2.2405,82.2,74,49,9.75
551,Vanavara,RU,2022-02-01   18:17:17,60.34,102.2797,-5.78,100,100,3.15
552,Muisne,EC,2022-02-01   18:17:18,0.6,-80.0333,79.97,74,92,8.16
553,Kavieng,PG,2022-02-01   18:17:18,-2.5744,150.7967,78.94,81,100,7.45
554,Gao,ML,2022-02-01   18:17:19,16.6362,1.637,71.76,9,30,10.74
555,Pangnirtung,CA,2022-02-01   18:17:19,66.1451,-65.7125,-25.6,68,0,0.0
556,Lafia,NG,2022-02-01   18:17:19,8.4833,8.5167,85.53,12,0,1.3
557,Los Llanos De Aridane,ES,2022-02-01   18:13:54,28.6585,-17.9182,70.12,67,75,1.01
558,Vallenar,CL,2022-02-01   18:17:20,-28.5708,-70.7581,83.59,27,14,10.38
559,Cockburn Town,TC,2022-02-01   18:17:20,21.4612,-71.1419,75.13,75,63,19.6
560,Laguna,US,2022-02-01   18:17:20,38.421,-121.4238,57.04,39,0,8.99
561,Colquechaca,BO,2022-02-01   18:17:21,-18.6667,-66.0167,35.87,81,100,5.19
562,Grindavik,IS,2022-02-01   18:17:21,63.8424,-22.4338,36.07,69,75,20.71
563,Seoul,KR,2022-02-01   18:17:22,37.5683,126.9778,27.79,86,20,1.14
564,Ixtapa,MX,2022-02-01   18:17:22,20.7,-105.2,78.03,41,0,0.0
565,Ponta Delgada,PT,2022-02-01   18:17:22,37.7333,-25.6667,63.5,72,40,10.36
566,Montrose,US,2022-02-01   18:13:42,38.4166,-108.2673,30.54,48,100,0.25
567,Port Lincoln,AU,2022-02-01   18:17:23,-34.7333,135.8667,59.68,60,2,16.93
568,Ekpoma,NG,2022-02-01   18:17:23,6.7421,6.139,80.47,21,22,3.02
569,Klyuchi,RU,2022-02-01   18:17:23,52.2667,79.1667,8.6,96,100,6.87
570,Sabang,ID,2022-02-01   18:17:24,5.8933,95.3214,81.46,77,23,7.9
571,Owando,CG,2022-02-01   18:17:24,-0.4819,15.8999,84.2,35,67,2.77
572,Rosetown,CA,2022-02-01   18:17:24,51.5501,-108.0014,-7.02,64,51,10.36
573,Athabasca,CA,2022-02-01   18:17:25,54.7169,-113.2854,-5.98,86,68,12.26
574,North Auburn,US,2022-02-01   18:17:25,38.9313,-121.0819,52.05,36,0,6.91
575,Nexo,DK,2022-02-01   18:17:25,55.0607,15.1306,41.09,87,100,25.03
576,Huarmey,PE,2022-02-01   18:17:26,-10.0681,-78.1522,76.03,70,77,11.68
577,Grootfontein,NA,2022-02-01   18:17:26,-19.5667,18.1167,69.96,69,99,9.93
578,Lavrentiya,RU,2022-02-01   18:17:26,65.5833,-171.0,3.34,70,8,20.11
579,Jacareacanga,BR,2022-02-01   18:17:27,-6.2222,-57.7528,81.88,85,97,2.55
580,Soanierana Ivongo,MG,2022-02-01   18:17:27,-16.9167,49.5833,76.93,85,97,9.46
581,Lixourion,GR,2022-02-01   18:17:27,38.2019,20.4314,51.8,100,75,5.75
582,Hastings,GB,2022-02-01   18:17:28,50.8552,0.5729,54.97,79,85,22.1
